Var_Name,Var,r,k,t,Solution 1,Solution 2,Solution 3,Solution 4,Solution 5
w(1)(1),w,-,1,1,0,0,0,0,0
w(1)(2),w,-,1,2,0,0,0,0,0
w(1)(3),w,-,1,3,0,0,0,0,0
w(1)(4),w,-,1,4,0,0,0,0,0
w(1)(5),w,-,1,5,0,0,0,0,0
w(1)(6),w,-,1,6,1,1,1,1,1
w(1)(7),w,-,1,7,0,0,0,0,0
w(1)(8),w,-,1,8,0,0,0,0,0
w(1)(9),w,-,1,9,0,0,0,0,0
w(1)(10),w,-,1,10,0,0,0,0,0
w(1)(11),w,-,1,11,0,0,0,0,0
w(1)(12),w,-,1,12,0,0,0,0,0
w(1)(13),w,-,1,13,0,0,0,0,0
w(1)(14),w,-,1,14,0,0,0,0,0
w(1)(15),w,-,1,15,0,0,0,0,0
w(2)(1),w,-,2,1,0,0,0,0,0
w(2)(2),w,-,2,2,0,0,0,0,0
w(2)(3),w,-,2,3,0,0,0,0,0
w(2)(4),w,-,2,4,0,0,0,0,0
w(2)(5),w,-,2,5,0,0,0,0,0
w(2)(6),w,-,2,6,1,1,1,1,1
w(2)(7),w,-,2,7,0,0,0,0,0
w(2)(8),w,-,2,8,0,0,0,0,0
w(2)(9),w,-,2,9,0,0,0,0,0
w(2)(10),w,-,2,10,0,0,0,0,0
w(2)(11),w,-,2,11,0,0,0,0,0
w(2)(12),w,-,2,12,0,0,0,0,0
w(2)(13),w,-,2,13,0,0,0,0,0
w(2)(14),w,-,2,14,0,0,0,0,0
w(2)(15),w,-,2,15,0,0,0,0,0
w(3)(1),w,-,3,1,0,0,0,0,0
w(3)(2),w,-,3,2,0,0,0,0,0
w(3)(3),w,-,3,3,0,0,0,0,0
w(3)(4),w,-,3,4,0,0,0,0,0
w(3)(5),w,-,3,5,0,0,0,0,0
w(3)(6),w,-,3,6,1,1,1,1,1
w(3)(7),w,-,3,7,0,0,0,0,0
w(3)(8),w,-,3,8,0,0,0,0,0
w(3)(9),w,-,3,9,0,0,0,0,0
w(3)(10),w,-,3,10,0,0,0,0,0
w(3)(11),w,-,3,11,0,0,0,0,0
w(3)(12),w,-,3,12,0,0,0,0,0
w(3)(13),w,-,3,13,0,0,0,0,0
w(3)(14),w,-,3,14,0,0,0,0,0
w(3)(15),w,-,3,15,0,0,0,0,0
w(4)(1),w,-,4,1,0,0,0,0,0
w(4)(2),w,-,4,2,0,0,0,0,0
w(4)(3),w,-,4,3,1,1,1,1,1
w(4)(4),w,-,4,4,0,0,0,0,0
w(4)(5),w,-,4,5,0,0,0,0,0
w(4)(6),w,-,4,6,0,0,0,0,0
w(4)(7),w,-,4,7,0,0,0,0,0
w(4)(8),w,-,4,8,0,0,0,0,0
w(4)(9),w,-,4,9,0,0,0,0,0
w(4)(10),w,-,4,10,0,0,0,0,0
w(4)(11),w,-,4,11,0,0,0,0,0
w(4)(12),w,-,4,12,0,0,0,0,0
w(4)(13),w,-,4,13,0,0,0,0,0
w(4)(14),w,-,4,14,0,0,0,0,0
w(4)(15),w,-,4,15,0,0,0,0,0
w(5)(1),w,-,5,1,0,0,0,0,0
w(5)(2),w,-,5,2,0,0,0,0,0
w(5)(3),w,-,5,3,0,0,0,0,0
w(5)(4),w,-,5,4,0,0,0,0,0
w(5)(5),w,-,5,5,0,0,0,0,0
w(5)(6),w,-,5,6,1,1,1,1,1
w(5)(7),w,-,5,7,0,0,0,0,0
w(5)(8),w,-,5,8,0,0,0,0,0
w(5)(9),w,-,5,9,0,0,0,0,0
w(5)(10),w,-,5,10,0,0,0,0,0
w(5)(11),w,-,5,11,0,0,0,0,0
w(5)(12),w,-,5,12,0,0,0,0,0
w(5)(13),w,-,5,13,0,0,0,0,0
w(5)(14),w,-,5,14,0,0,0,0,0
w(5)(15),w,-,5,15,0,0,0,0,0
w(6)(1),w,-,6,1,0,0,0,0,0
w(6)(2),w,-,6,2,1,1,1,1,1
w(6)(3),w,-,6,3,0,0,0,0,0
w(6)(4),w,-,6,4,0,0,0,0,0
w(6)(5),w,-,6,5,0,0,0,0,0
w(6)(6),w,-,6,6,0,0,0,0,0
w(6)(7),w,-,6,7,0,0,0,0,0
w(6)(8),w,-,6,8,0,0,0,0,0
w(6)(9),w,-,6,9,0,0,0,0,0
w(6)(10),w,-,6,10,0,0,0,0,0
w(6)(11),w,-,6,11,0,0,0,0,0
w(6)(12),w,-,6,12,0,0,0,0,0
w(6)(13),w,-,6,13,0,0,0,0,0
w(6)(14),w,-,6,14,0,0,0,0,0
w(6)(15),w,-,6,15,0,0,0,0,0
w(7)(1),w,-,7,1,0,0,0,0,0
w(7)(2),w,-,7,2,0,0,0,0,0
w(7)(3),w,-,7,3,0,0,0,0,0
w(7)(4),w,-,7,4,0,0,0,0,0
w(7)(5),w,-,7,5,0,0,0,0,0
w(7)(6),w,-,7,6,1,1,1,1,1
w(7)(7),w,-,7,7,0,0,0,0,0
w(7)(8),w,-,7,8,0,0,0,0,0
w(7)(9),w,-,7,9,0,0,0,0,0
w(7)(10),w,-,7,10,0,0,0,0,0
w(7)(11),w,-,7,11,0,0,0,0,0
w(7)(12),w,-,7,12,0,0,0,0,0
w(7)(13),w,-,7,13,0,0,0,0,0
w(7)(14),w,-,7,14,0,0,0,0,0
w(7)(15),w,-,7,15,0,0,0,0,0
w(8)(1),w,-,8,1,0,0,0,0,0
w(8)(2),w,-,8,2,0,0,0,0,0
w(8)(3),w,-,8,3,0,0,0,0,0
w(8)(4),w,-,8,4,0,0,0,0,0
w(8)(5),w,-,8,5,0,0,0,0,0
w(8)(6),w,-,8,6,1,1,1,1,1
w(8)(7),w,-,8,7,0,0,0,0,0
w(8)(8),w,-,8,8,0,0,0,0,0
w(8)(9),w,-,8,9,0,0,0,0,0
w(8)(10),w,-,8,10,0,0,0,0,0
w(8)(11),w,-,8,11,0,0,0,0,0
w(8)(12),w,-,8,12,0,0,0,0,0
w(8)(13),w,-,8,13,0,0,0,0,0
w(8)(14),w,-,8,14,0,0,0,0,0
w(8)(15),w,-,8,15,0,0,0,0,0
w(9)(1),w,-,9,1,0,0,0,0,0
w(9)(2),w,-,9,2,0,0,0,0,0
w(9)(3),w,-,9,3,0,0,0,0,0
w(9)(4),w,-,9,4,0,0,0,0,0
w(9)(5),w,-,9,5,0,0,0,0,0
w(9)(6),w,-,9,6,1,1,1,1,1
w(9)(7),w,-,9,7,0,0,0,0,0
w(9)(8),w,-,9,8,0,0,0,0,0
w(9)(9),w,-,9,9,0,0,0,0,0
w(9)(10),w,-,9,10,0,0,0,0,0
w(9)(11),w,-,9,11,0,0,0,0,0
w(9)(12),w,-,9,12,0,0,0,0,0
w(9)(13),w,-,9,13,0,0,0,0,0
w(9)(14),w,-,9,14,0,0,0,0,0
w(9)(15),w,-,9,15,0,0,0,0,0
w(10)(1),w,-,10,1,0,0,0,0,0
w(10)(2),w,-,10,2,0,0,0,0,0
w(10)(3),w,-,10,3,1,1,1,1,1
w(10)(4),w,-,10,4,0,0,0,0,0
w(10)(5),w,-,10,5,0,0,0,0,0
w(10)(6),w,-,10,6,0,0,0,0,0
w(10)(7),w,-,10,7,0,0,0,0,0
w(10)(8),w,-,10,8,0,0,0,0,0
w(10)(9),w,-,10,9,0,0,0,0,0
w(10)(10),w,-,10,10,0,0,0,0,0
w(10)(11),w,-,10,11,0,0,0,0,0
w(10)(12),w,-,10,12,0,0,0,0,0
w(10)(13),w,-,10,13,0,0,0,0,0
w(10)(14),w,-,10,14,0,0,0,0,0
w(10)(15),w,-,10,15,0,0,0,0,0
w(11)(1),w,-,11,1,0,0,0,0,0
w(11)(2),w,-,11,2,0,0,0,0,0
w(11)(3),w,-,11,3,0,0,0,0,0
w(11)(4),w,-,11,4,0,0,0,0,0
w(11)(5),w,-,11,5,0,0,0,0,0
w(11)(6),w,-,11,6,1,1,1,1,1
w(11)(7),w,-,11,7,0,0,0,0,0
w(11)(8),w,-,11,8,0,0,0,0,0
w(11)(9),w,-,11,9,0,0,0,0,0
w(11)(10),w,-,11,10,0,0,0,0,0
w(11)(11),w,-,11,11,0,0,0,0,0
w(11)(12),w,-,11,12,0,0,0,0,0
w(11)(13),w,-,11,13,0,0,0,0,0
w(11)(14),w,-,11,14,0,0,0,0,0
w(11)(15),w,-,11,15,0,0,0,0,0
w(12)(1),w,-,12,1,0,0,0,0,0
w(12)(2),w,-,12,2,0,0,0,0,0
w(12)(3),w,-,12,3,0,0,0,0,0
w(12)(4),w,-,12,4,0,0,0,0,0
w(12)(5),w,-,12,5,0,0,0,0,0
w(12)(6),w,-,12,6,1,1,1,1,1
w(12)(7),w,-,12,7,0,0,0,0,0
w(12)(8),w,-,12,8,0,0,0,0,0
w(12)(9),w,-,12,9,0,0,0,0,0
w(12)(10),w,-,12,10,0,0,0,0,0
w(12)(11),w,-,12,11,0,0,0,0,0
w(12)(12),w,-,12,12,0,0,0,0,0
w(12)(13),w,-,12,13,0,0,0,0,0
w(12)(14),w,-,12,14,0,0,0,0,0
w(12)(15),w,-,12,15,0,0,0,0,0
w(13)(1),w,-,13,1,0,0,0,0,0
w(13)(2),w,-,13,2,0,0,0,0,0
w(13)(3),w,-,13,3,0,0,0,0,0
w(13)(4),w,-,13,4,0,0,0,0,0
w(13)(5),w,-,13,5,0,0,0,0,0
w(13)(6),w,-,13,6,1,1,1,1,1
w(13)(7),w,-,13,7,0,0,0,0,0
w(13)(8),w,-,13,8,0,0,0,0,0
w(13)(9),w,-,13,9,0,0,0,0,0
w(13)(10),w,-,13,10,0,0,0,0,0
w(13)(11),w,-,13,11,0,0,0,0,0
w(13)(12),w,-,13,12,0,0,0,0,0
w(13)(13),w,-,13,13,0,0,0,0,0
w(13)(14),w,-,13,14,0,0,0,0,0
w(13)(15),w,-,13,15,0,0,0,0,0
w(14)(1),w,-,14,1,0,0,0,0,0
w(14)(2),w,-,14,2,0,0,0,0,0
w(14)(3),w,-,14,3,1,1,1,1,1
w(14)(4),w,-,14,4,0,0,0,0,0
w(14)(5),w,-,14,5,0,0,0,0,0
w(14)(6),w,-,14,6,0,0,0,0,0
w(14)(7),w,-,14,7,0,0,0,0,0
w(14)(8),w,-,14,8,0,0,0,0,0
w(14)(9),w,-,14,9,0,0,0,0,0
w(14)(10),w,-,14,10,0,0,0,0,0
w(14)(11),w,-,14,11,0,0,0,0,0
w(14)(12),w,-,14,12,0,0,0,0,0
w(14)(13),w,-,14,13,0,0,0,0,0
w(14)(14),w,-,14,14,0,0,0,0,0
w(14)(15),w,-,14,15,0,0,0,0,0
w(15)(1),w,-,15,1,0,0,0,0,0
w(15)(2),w,-,15,2,0,0,0,0,0
w(15)(3),w,-,15,3,0,0,0,0,0
w(15)(4),w,-,15,4,0,0,0,0,0
w(15)(5),w,-,15,5,0,0,0,0,0
w(15)(6),w,-,15,6,1,1,1,1,1
w(15)(7),w,-,15,7,0,0,0,0,0
w(15)(8),w,-,15,8,0,0,0,0,0
w(15)(9),w,-,15,9,0,0,0,0,0
w(15)(10),w,-,15,10,0,0,0,0,0
w(15)(11),w,-,15,11,0,0,0,0,0
w(15)(12),w,-,15,12,0,0,0,0,0
w(15)(13),w,-,15,13,0,0,0,0,0
w(15)(14),w,-,15,14,0,0,0,0,0
w(15)(15),w,-,15,15,0,0,0,0,0
w(16)(1),w,-,16,1,0,0,0,0,0
w(16)(2),w,-,16,2,0,0,0,0,0
w(16)(3),w,-,16,3,1,1,1,1,1
w(16)(4),w,-,16,4,0,0,0,0,0
w(16)(5),w,-,16,5,0,0,0,0,0
w(16)(6),w,-,16,6,0,0,0,0,0
w(16)(7),w,-,16,7,0,0,0,0,0
w(16)(8),w,-,16,8,0,0,0,0,0
w(16)(9),w,-,16,9,0,0,0,0,0
w(16)(10),w,-,16,10,0,0,0,0,0
w(16)(11),w,-,16,11,0,0,0,0,0
w(16)(12),w,-,16,12,0,0,0,0,0
w(16)(13),w,-,16,13,0,0,0,0,0
w(16)(14),w,-,16,14,0,0,0,0,0
w(16)(15),w,-,16,15,0,0,0,0,0
w(17)(1),w,-,17,1,0,0,0,0,0
w(17)(2),w,-,17,2,0,0,0,0,0
w(17)(3),w,-,17,3,0,0,0,0,0
w(17)(4),w,-,17,4,0,0,0,0,0
w(17)(5),w,-,17,5,0,0,0,0,0
w(17)(6),w,-,17,6,1,1,1,1,1
w(17)(7),w,-,17,7,0,0,0,0,0
w(17)(8),w,-,17,8,0,0,0,0,0
w(17)(9),w,-,17,9,0,0,0,0,0
w(17)(10),w,-,17,10,0,0,0,0,0
w(17)(11),w,-,17,11,0,0,0,0,0
w(17)(12),w,-,17,12,0,0,0,0,0
w(17)(13),w,-,17,13,0,0,0,0,0
w(17)(14),w,-,17,14,0,0,0,0,0
w(17)(15),w,-,17,15,0,0,0,0,0
w(18)(1),w,-,18,1,0,0,0,0,0
w(18)(2),w,-,18,2,0,0,0,0,0
w(18)(3),w,-,18,3,1,1,1,1,1
w(18)(4),w,-,18,4,0,0,0,0,0
w(18)(5),w,-,18,5,0,0,0,0,0
w(18)(6),w,-,18,6,0,0,0,0,0
w(18)(7),w,-,18,7,0,0,0,0,0
w(18)(8),w,-,18,8,0,0,0,0,0
w(18)(9),w,-,18,9,0,0,0,0,0
w(18)(10),w,-,18,10,0,0,0,0,0
w(18)(11),w,-,18,11,0,0,0,0,0
w(18)(12),w,-,18,12,0,0,0,0,0
w(18)(13),w,-,18,13,0,0,0,0,0
w(18)(14),w,-,18,14,0,0,0,0,0
w(18)(15),w,-,18,15,0,0,0,0,0
w(19)(1),w,-,19,1,0,0,0,0,0
w(19)(2),w,-,19,2,0,0,0,0,0
w(19)(3),w,-,19,3,0,0,0,0,0
w(19)(4),w,-,19,4,0,0,0,0,0
w(19)(5),w,-,19,5,0,0,0,0,0
w(19)(6),w,-,19,6,1,1,1,1,1
w(19)(7),w,-,19,7,0,0,0,0,0
w(19)(8),w,-,19,8,0,0,0,0,0
w(19)(9),w,-,19,9,0,0,0,0,0
w(19)(10),w,-,19,10,0,0,0,0,0
w(19)(11),w,-,19,11,0,0,0,0,0
w(19)(12),w,-,19,12,0,0,0,0,0
w(19)(13),w,-,19,13,0,0,0,0,0
w(19)(14),w,-,19,14,0,0,0,0,0
w(19)(15),w,-,19,15,0,0,0,0,0
w(20)(1),w,-,20,1,0,0,0,0,0
w(20)(2),w,-,20,2,0,0,0,0,0
w(20)(3),w,-,20,3,1,1,1,1,1
w(20)(4),w,-,20,4,0,0,0,0,0
w(20)(5),w,-,20,5,0,0,0,0,0
w(20)(6),w,-,20,6,0,0,0,0,0
w(20)(7),w,-,20,7,0,0,0,0,0
w(20)(8),w,-,20,8,0,0,0,0,0
w(20)(9),w,-,20,9,0,0,0,0,0
w(20)(10),w,-,20,10,0,0,0,0,0
w(20)(11),w,-,20,11,0,0,0,0,0
w(20)(12),w,-,20,12,0,0,0,0,0
w(20)(13),w,-,20,13,0,0,0,0,0
w(20)(14),w,-,20,14,0,0,0,0,0
w(20)(15),w,-,20,15,0,0,0,0,0
w(21)(1),w,-,21,1,0,0,0,0,0
w(21)(2),w,-,21,2,0,0,0,0,0
w(21)(3),w,-,21,3,0,0,0,0,0
w(21)(4),w,-,21,4,0,0,0,0,0
w(21)(5),w,-,21,5,0,0,0,0,0
w(21)(6),w,-,21,6,1,1,1,1,1
w(21)(7),w,-,21,7,0,0,0,0,0
w(21)(8),w,-,21,8,0,0,0,0,0
w(21)(9),w,-,21,9,0,0,0,0,0
w(21)(10),w,-,21,10,0,0,0,0,0
w(21)(11),w,-,21,11,0,0,0,0,0
w(21)(12),w,-,21,12,0,0,0,0,0
w(21)(13),w,-,21,13,0,0,0,0,0
w(21)(14),w,-,21,14,0,0,0,0,0
w(21)(15),w,-,21,15,0,0,0,0,0
w(22)(1),w,-,22,1,0,0,0,0,0
w(22)(2),w,-,22,2,0,0,0,0,0
w(22)(3),w,-,22,3,1,1,1,1,1
w(22)(4),w,-,22,4,0,0,0,0,0
w(22)(5),w,-,22,5,0,0,0,0,0
w(22)(6),w,-,22,6,0,0,0,0,0
w(22)(7),w,-,22,7,0,0,0,0,0
w(22)(8),w,-,22,8,0,0,0,0,0
w(22)(9),w,-,22,9,0,0,0,0,0
w(22)(10),w,-,22,10,0,0,0,0,0
w(22)(11),w,-,22,11,0,0,0,0,0
w(22)(12),w,-,22,12,0,0,0,0,0
w(22)(13),w,-,22,13,0,0,0,0,0
w(22)(14),w,-,22,14,0,0,0,0,0
w(22)(15),w,-,22,15,0,0,0,0,0
w(23)(1),w,-,23,1,0,0,0,0,0
w(23)(2),w,-,23,2,0,0,0,0,0
w(23)(3),w,-,23,3,0,0,0,0,0
w(23)(4),w,-,23,4,0,0,0,0,0
w(23)(5),w,-,23,5,0,0,0,0,0
w(23)(6),w,-,23,6,1,1,1,1,1
w(23)(7),w,-,23,7,0,0,0,0,0
w(23)(8),w,-,23,8,0,0,0,0,0
w(23)(9),w,-,23,9,0,0,0,0,0
w(23)(10),w,-,23,10,0,0,0,0,0
w(23)(11),w,-,23,11,0,0,0,0,0
w(23)(12),w,-,23,12,0,0,0,0,0
w(23)(13),w,-,23,13,0,0,0,0,0
w(23)(14),w,-,23,14,0,0,0,0,0
w(23)(15),w,-,23,15,0,0,0,0,0
w(24)(1),w,-,24,1,0,0,0,0,0
w(24)(2),w,-,24,2,0,0,0,0,0
w(24)(3),w,-,24,3,1,1,1,1,1
w(24)(4),w,-,24,4,0,0,0,0,0
w(24)(5),w,-,24,5,0,0,0,0,0
w(24)(6),w,-,24,6,0,0,0,0,0
w(24)(7),w,-,24,7,0,0,0,0,0
w(24)(8),w,-,24,8,0,0,0,0,0
w(24)(9),w,-,24,9,0,0,0,0,0
w(24)(10),w,-,24,10,0,0,0,0,0
w(24)(11),w,-,24,11,0,0,0,0,0
w(24)(12),w,-,24,12,0,0,0,0,0
w(24)(13),w,-,24,13,0,0,0,0,0
w(24)(14),w,-,24,14,0,0,0,0,0
w(24)(15),w,-,24,15,0,0,0,0,0
w(25)(1),w,-,25,1,0,0,0,0,0
w(25)(2),w,-,25,2,0,0,0,0,0
w(25)(3),w,-,25,3,0,0,0,0,0
w(25)(4),w,-,25,4,0,0,0,0,0
w(25)(5),w,-,25,5,0,0,0,0,0
w(25)(6),w,-,25,6,1,1,1,1,1
w(25)(7),w,-,25,7,0,0,0,0,0
w(25)(8),w,-,25,8,0,0,0,0,0
w(25)(9),w,-,25,9,0,0,0,0,0
w(25)(10),w,-,25,10,0,0,0,0,0
w(25)(11),w,-,25,11,0,0,0,0,0
w(25)(12),w,-,25,12,0,0,0,0,0
w(25)(13),w,-,25,13,0,0,0,0,0
w(25)(14),w,-,25,14,0,0,0,0,0
w(25)(15),w,-,25,15,0,0,0,0,0
q(1)(1),q,1,1,-,1,1,1,1,1
q(1)(2),q,1,2,-,0,0,0,0,0
q(1)(3),q,1,3,-,0,0,0,0,0
q(1)(4),q,1,4,-,0,0,0,0,0
q(1)(5),q,1,5,-,0,0,0,0,0
q(1)(6),q,1,6,-,0,0,0,0,0
q(1)(7),q,1,7,-,0,0,0,0,0
q(1)(8),q,1,8,-,0,0,0,0,0
q(1)(9),q,1,9,-,0,0,0,0,0
q(1)(10),q,1,10,-,0,0,0,0,0
q(1)(11),q,1,11,-,0,0,0,0,0
q(1)(12),q,1,12,-,0,0,0,0,0
q(1)(13),q,1,13,-,0,0,0,0,0
q(1)(14),q,1,14,-,0,0,0,0,0
q(1)(15),q,1,15,-,0,0,0,0,0
q(1)(16),q,1,16,-,0,0,0,0,0
q(1)(17),q,1,17,-,0,0,0,0,0
q(1)(18),q,1,18,-,0,0,0,0,0
q(1)(19),q,1,19,-,0,0,0,0,0
q(1)(20),q,1,20,-,0,0,0,0,0
q(1)(21),q,1,21,-,0,0,0,0,0
q(1)(22),q,1,22,-,0,0,0,0,0
q(1)(23),q,1,23,-,0,0,0,0,0
q(1)(24),q,1,24,-,0,0,0,0,0
q(1)(25),q,1,25,-,0,0,0,0,0
q(2)(1),q,2,1,-,1,1,1,1,1
q(2)(2),q,2,2,-,0,0,0,0,0
q(2)(3),q,2,3,-,0,0,0,0,0
q(2)(4),q,2,4,-,0,0,0,0,0
q(2)(5),q,2,5,-,0,0,0,0,0
q(2)(6),q,2,6,-,0,0,0,0,0
q(2)(7),q,2,7,-,0,0,0,0,0
q(2)(8),q,2,8,-,0,0,0,0,0
q(2)(9),q,2,9,-,0,0,0,0,0
q(2)(10),q,2,10,-,0,0,0,0,0
q(2)(11),q,2,11,-,0,0,0,0,0
q(2)(12),q,2,12,-,0,0,0,0,0
q(2)(13),q,2,13,-,0,0,0,0,0
q(2)(14),q,2,14,-,0,0,0,0,0
q(2)(15),q,2,15,-,0,0,0,0,0
q(2)(16),q,2,16,-,0,0,0,0,0
q(2)(17),q,2,17,-,0,0,0,0,0
q(2)(18),q,2,18,-,0,0,0,0,0
q(2)(19),q,2,19,-,0,0,0,0,0
q(2)(20),q,2,20,-,0,0,0,0,0
q(2)(21),q,2,21,-,0,0,0,0,0
q(2)(22),q,2,22,-,0,0,0,0,0
q(2)(23),q,2,23,-,0,0,0,0,0
q(2)(24),q,2,24,-,0,0,0,0,0
q(2)(25),q,2,25,-,0,0,0,0,0
q(3)(1),q,3,1,-,0,0,0,0,0
q(3)(2),q,3,2,-,0,0,0,0,0
q(3)(3),q,3,3,-,1,1,1,1,1
q(3)(4),q,3,4,-,0,0,0,0,0
q(3)(5),q,3,5,-,0,0,0,0,0
q(3)(6),q,3,6,-,0,0,0,0,0
q(3)(7),q,3,7,-,0,0,0,0,0
q(3)(8),q,3,8,-,0,0,0,0,0
q(3)(9),q,3,9,-,0,0,0,0,0
q(3)(10),q,3,10,-,0,0,0,0,0
q(3)(11),q,3,11,-,0,0,0,0,0
q(3)(12),q,3,12,-,0,0,0,0,0
q(3)(13),q,3,13,-,0,0,0,0,0
q(3)(14),q,3,14,-,0,0,0,0,0
q(3)(15),q,3,15,-,0,0,0,0,0
q(3)(16),q,3,16,-,0,0,0,0,0
q(3)(17),q,3,17,-,0,0,0,0,0
q(3)(18),q,3,18,-,0,0,0,0,0
q(3)(19),q,3,19,-,0,0,0,0,0
q(3)(20),q,3,20,-,0,0,0,0,0
q(3)(21),q,3,21,-,0,0,0,0,0
q(3)(22),q,3,22,-,0,0,0,0,0
q(3)(23),q,3,23,-,0,0,0,0,0
q(3)(24),q,3,24,-,0,0,0,0,0
q(3)(25),q,3,25,-,0,0,0,0,0
q(4)(1),q,4,1,-,0,0,0,0,0
q(4)(2),q,4,2,-,0,0,0,0,0
q(4)(3),q,4,3,-,1,1,1,1,1
q(4)(4),q,4,4,-,0,0,0,0,0
q(4)(5),q,4,5,-,0,0,0,0,0
q(4)(6),q,4,6,-,0,0,0,0,0
q(4)(7),q,4,7,-,0,0,0,0,0
q(4)(8),q,4,8,-,0,0,0,0,0
q(4)(9),q,4,9,-,0,0,0,0,0
q(4)(10),q,4,10,-,0,0,0,0,0
q(4)(11),q,4,11,-,0,0,0,0,0
q(4)(12),q,4,12,-,0,0,0,0,0
q(4)(13),q,4,13,-,0,0,0,0,0
q(4)(14),q,4,14,-,0,0,0,0,0
q(4)(15),q,4,15,-,0,0,0,0,0
q(4)(16),q,4,16,-,0,0,0,0,0
q(4)(17),q,4,17,-,0,0,0,0,0
q(4)(18),q,4,18,-,0,0,0,0,0
q(4)(19),q,4,19,-,0,0,0,0,0
q(4)(20),q,4,20,-,0,0,0,0,0
q(4)(21),q,4,21,-,0,0,0,0,0
q(4)(22),q,4,22,-,0,0,0,0,0
q(4)(23),q,4,23,-,0,0,0,0,0
q(4)(24),q,4,24,-,0,0,0,0,0
q(4)(25),q,4,25,-,0,0,0,0,0
q(5)(1),q,5,1,-,0,0,0,0,0
q(5)(2),q,5,2,-,0,0,0,0,0
q(5)(3),q,5,3,-,0,0,0,0,0
q(5)(4),q,5,4,-,0,0,0,0,0
q(5)(5),q,5,5,-,1,1,1,1,1
q(5)(6),q,5,6,-,0,0,0,0,0
q(5)(7),q,5,7,-,0,0,0,0,0
q(5)(8),q,5,8,-,0,0,0,0,0
q(5)(9),q,5,9,-,0,0,0,0,0
q(5)(10),q,5,10,-,0,0,0,0,0
q(5)(11),q,5,11,-,0,0,0,0,0
q(5)(12),q,5,12,-,0,0,0,0,0
q(5)(13),q,5,13,-,0,0,0,0,0
q(5)(14),q,5,14,-,0,0,0,0,0
q(5)(15),q,5,15,-,0,0,0,0,0
q(5)(16),q,5,16,-,0,0,0,0,0
q(5)(17),q,5,17,-,0,0,0,0,0
q(5)(18),q,5,18,-,0,0,0,0,0
q(5)(19),q,5,19,-,0,0,0,0,0
q(5)(20),q,5,20,-,0,0,0,0,0
q(5)(21),q,5,21,-,0,0,0,0,0
q(5)(22),q,5,22,-,0,0,0,0,0
q(5)(23),q,5,23,-,0,0,0,0,0
q(5)(24),q,5,24,-,0,0,0,0,0
q(5)(25),q,5,25,-,0,0,0,0,0
q(6)(1),q,6,1,-,0,0,0,0,0
q(6)(2),q,6,2,-,0,0,0,0,0
q(6)(3),q,6,3,-,0,0,0,0,0
q(6)(4),q,6,4,-,0,0,0,0,0
q(6)(5),q,6,5,-,1,1,1,1,1
q(6)(6),q,6,6,-,0,0,0,0,0
q(6)(7),q,6,7,-,0,0,0,0,0
q(6)(8),q,6,8,-,0,0,0,0,0
q(6)(9),q,6,9,-,0,0,0,0,0
q(6)(10),q,6,10,-,0,0,0,0,0
q(6)(11),q,6,11,-,0,0,0,0,0
q(6)(12),q,6,12,-,0,0,0,0,0
q(6)(13),q,6,13,-,0,0,0,0,0
q(6)(14),q,6,14,-,0,0,0,0,0
q(6)(15),q,6,15,-,0,0,0,0,0
q(6)(16),q,6,16,-,0,0,0,0,0
q(6)(17),q,6,17,-,0,0,0,0,0
q(6)(18),q,6,18,-,0,0,0,0,0
q(6)(19),q,6,19,-,0,0,0,0,0
q(6)(20),q,6,20,-,0,0,0,0,0
q(6)(21),q,6,21,-,0,0,0,0,0
q(6)(22),q,6,22,-,0,0,0,0,0
q(6)(23),q,6,23,-,0,0,0,0,0
q(6)(24),q,6,24,-,0,0,0,0,0
q(6)(25),q,6,25,-,0,0,0,0,0
q(7)(1),q,7,1,-,1,1,1,1,1
q(7)(2),q,7,2,-,0,0,0,0,0
q(7)(3),q,7,3,-,0,0,0,0,0
q(7)(4),q,7,4,-,0,0,0,0,0
q(7)(5),q,7,5,-,0,0,0,0,0
q(7)(6),q,7,6,-,0,0,0,0,0
q(7)(7),q,7,7,-,0,0,0,0,0
q(7)(8),q,7,8,-,0,0,0,0,0
q(7)(9),q,7,9,-,0,0,0,0,0
q(7)(10),q,7,10,-,0,0,0,0,0
q(7)(11),q,7,11,-,0,0,0,0,0
q(7)(12),q,7,12,-,0,0,0,0,0
q(7)(13),q,7,13,-,0,0,0,0,0
q(7)(14),q,7,14,-,0,0,0,0,0
q(7)(15),q,7,15,-,0,0,0,0,0
q(7)(16),q,7,16,-,0,0,0,0,0
q(7)(17),q,7,17,-,0,0,0,0,0
q(7)(18),q,7,18,-,0,0,0,0,0
q(7)(19),q,7,19,-,0,0,0,0,0
q(7)(20),q,7,20,-,0,0,0,0,0
q(7)(21),q,7,21,-,0,0,0,0,0
q(7)(22),q,7,22,-,0,0,0,0,0
q(7)(23),q,7,23,-,0,0,0,0,0
q(7)(24),q,7,24,-,0,0,0,0,0
q(7)(25),q,7,25,-,0,0,0,0,0
q(8)(1),q,8,1,-,0,0,0,0,0
q(8)(2),q,8,2,-,1,1,1,1,1
q(8)(3),q,8,3,-,0,0,0,0,0
q(8)(4),q,8,4,-,0,0,0,0,0
q(8)(5),q,8,5,-,0,0,0,0,0
q(8)(6),q,8,6,-,0,0,0,0,0
q(8)(7),q,8,7,-,0,0,0,0,0
q(8)(8),q,8,8,-,0,0,0,0,0
q(8)(9),q,8,9,-,0,0,0,0,0
q(8)(10),q,8,10,-,0,0,0,0,0
q(8)(11),q,8,11,-,0,0,0,0,0
q(8)(12),q,8,12,-,0,0,0,0,0
q(8)(13),q,8,13,-,0,0,0,0,0
q(8)(14),q,8,14,-,0,0,0,0,0
q(8)(15),q,8,15,-,0,0,0,0,0
q(8)(16),q,8,16,-,0,0,0,0,0
q(8)(17),q,8,17,-,0,0,0,0,0
q(8)(18),q,8,18,-,0,0,0,0,0
q(8)(19),q,8,19,-,0,0,0,0,0
q(8)(20),q,8,20,-,0,0,0,0,0
q(8)(21),q,8,21,-,0,0,0,0,0
q(8)(22),q,8,22,-,0,0,0,0,0
q(8)(23),q,8,23,-,0,0,0,0,0
q(8)(24),q,8,24,-,0,0,0,0,0
q(8)(25),q,8,25,-,0,0,0,0,0
q(9)(1),q,9,1,-,0,0,0,0,0
q(9)(2),q,9,2,-,0,0,0,0,0
q(9)(3),q,9,3,-,0,0,0,0,0
q(9)(4),q,9,4,-,0,0,0,0,0
q(9)(5),q,9,5,-,0,0,0,0,0
q(9)(6),q,9,6,-,0,0,0,0,0
q(9)(7),q,9,7,-,1,1,1,1,1
q(9)(8),q,9,8,-,0,0,0,0,0
q(9)(9),q,9,9,-,0,0,0,0,0
q(9)(10),q,9,10,-,0,0,0,0,0
q(9)(11),q,9,11,-,0,0,0,0,0
q(9)(12),q,9,12,-,0,0,0,0,0
q(9)(13),q,9,13,-,0,0,0,0,0
q(9)(14),q,9,14,-,0,0,0,0,0
q(9)(15),q,9,15,-,0,0,0,0,0
q(9)(16),q,9,16,-,0,0,0,0,0
q(9)(17),q,9,17,-,0,0,0,0,0
q(9)(18),q,9,18,-,0,0,0,0,0
q(9)(19),q,9,19,-,0,0,0,0,0
q(9)(20),q,9,20,-,0,0,0,0,0
q(9)(21),q,9,21,-,0,0,0,0,0
q(9)(22),q,9,22,-,0,0,0,0,0
q(9)(23),q,9,23,-,0,0,0,0,0
q(9)(24),q,9,24,-,0,0,0,0,0
q(9)(25),q,9,25,-,0,0,0,0,0
q(10)(1),q,10,1,-,0,0,0,0,0
q(10)(2),q,10,2,-,0,0,0,0,0
q(10)(3),q,10,3,-,0,0,0,0,0
q(10)(4),q,10,4,-,0,0,0,0,0
q(10)(5),q,10,5,-,0,0,0,0,0
q(10)(6),q,10,6,-,0,0,0,0,0
q(10)(7),q,10,7,-,0,0,0,0,0
q(10)(8),q,10,8,-,1,1,1,1,1
q(10)(9),q,10,9,-,0,0,0,0,0
q(10)(10),q,10,10,-,0,0,0,0,0
q(10)(11),q,10,11,-,0,0,0,0,0
q(10)(12),q,10,12,-,0,0,0,0,0
q(10)(13),q,10,13,-,0,0,0,0,0
q(10)(14),q,10,14,-,0,0,0,0,0
q(10)(15),q,10,15,-,0,0,0,0,0
q(10)(16),q,10,16,-,0,0,0,0,0
q(10)(17),q,10,17,-,0,0,0,0,0
q(10)(18),q,10,18,-,0,0,0,0,0
q(10)(19),q,10,19,-,0,0,0,0,0
q(10)(20),q,10,20,-,0,0,0,0,0
q(10)(21),q,10,21,-,0,0,0,0,0
q(10)(22),q,10,22,-,0,0,0,0,0
q(10)(23),q,10,23,-,0,0,0,0,0
q(10)(24),q,10,24,-,0,0,0,0,0
q(10)(25),q,10,25,-,0,0,0,0,0
q(11)(1),q,11,1,-,0,0,0,0,0
q(11)(2),q,11,2,-,0,0,0,0,0
q(11)(3),q,11,3,-,0,0,0,0,0
q(11)(4),q,11,4,-,0,0,0,0,0
q(11)(5),q,11,5,-,1,1,1,1,1
q(11)(6),q,11,6,-,0,0,0,0,0
q(11)(7),q,11,7,-,0,0,0,0,0
q(11)(8),q,11,8,-,0,0,0,0,0
q(11)(9),q,11,9,-,0,0,0,0,0
q(11)(10),q,11,10,-,0,0,0,0,0
q(11)(11),q,11,11,-,0,0,0,0,0
q(11)(12),q,11,12,-,0,0,0,0,0
q(11)(13),q,11,13,-,0,0,0,0,0
q(11)(14),q,11,14,-,0,0,0,0,0
q(11)(15),q,11,15,-,0,0,0,0,0
q(11)(16),q,11,16,-,0,0,0,0,0
q(11)(17),q,11,17,-,0,0,0,0,0
q(11)(18),q,11,18,-,0,0,0,0,0
q(11)(19),q,11,19,-,0,0,0,0,0
q(11)(20),q,11,20,-,0,0,0,0,0
q(11)(21),q,11,21,-,0,0,0,0,0
q(11)(22),q,11,22,-,0,0,0,0,0
q(11)(23),q,11,23,-,0,0,0,0,0
q(11)(24),q,11,24,-,0,0,0,0,0
q(11)(25),q,11,25,-,0,0,0,0,0
q(12)(1),q,12,1,-,0,0,0,0,0
q(12)(2),q,12,2,-,0,0,0,0,0
q(12)(3),q,12,3,-,0,0,0,0,0
q(12)(4),q,12,4,-,0,0,0,0,0
q(12)(5),q,12,5,-,1,1,1,1,1
q(12)(6),q,12,6,-,0,0,0,0,0
q(12)(7),q,12,7,-,0,0,0,0,0
q(12)(8),q,12,8,-,0,0,0,0,0
q(12)(9),q,12,9,-,0,0,0,0,0
q(12)(10),q,12,10,-,0,0,0,0,0
q(12)(11),q,12,11,-,0,0,0,0,0
q(12)(12),q,12,12,-,0,0,0,0,0
q(12)(13),q,12,13,-,0,0,0,0,0
q(12)(14),q,12,14,-,0,0,0,0,0
q(12)(15),q,12,15,-,0,0,0,0,0
q(12)(16),q,12,16,-,0,0,0,0,0
q(12)(17),q,12,17,-,0,0,0,0,0
q(12)(18),q,12,18,-,0,0,0,0,0
q(12)(19),q,12,19,-,0,0,0,0,0
q(12)(20),q,12,20,-,0,0,0,0,0
q(12)(21),q,12,21,-,0,0,0,0,0
q(12)(22),q,12,22,-,0,0,0,0,0
q(12)(23),q,12,23,-,0,0,0,0,0
q(12)(24),q,12,24,-,0,0,0,0,0
q(12)(25),q,12,25,-,0,0,0,0,0
q(13)(1),q,13,1,-,0,0,0,0,0
q(13)(2),q,13,2,-,0,0,0,0,0
q(13)(3),q,13,3,-,0,0,0,0,0
q(13)(4),q,13,4,-,0,0,0,0,0
q(13)(5),q,13,5,-,0,0,0,0,0
q(13)(6),q,13,6,-,0,0,0,0,0
q(13)(7),q,13,7,-,0,0,0,0,0
q(13)(8),q,13,8,-,0,0,0,0,0
q(13)(9),q,13,9,-,0,0,0,0,0
q(13)(10),q,13,10,-,0,0,0,0,0
q(13)(11),q,13,11,-,1,1,1,1,1
q(13)(12),q,13,12,-,0,0,0,0,0
q(13)(13),q,13,13,-,0,0,0,0,0
q(13)(14),q,13,14,-,0,0,0,0,0
q(13)(15),q,13,15,-,0,0,0,0,0
q(13)(16),q,13,16,-,0,0,0,0,0
q(13)(17),q,13,17,-,0,0,0,0,0
q(13)(18),q,13,18,-,0,0,0,0,0
q(13)(19),q,13,19,-,0,0,0,0,0
q(13)(20),q,13,20,-,0,0,0,0,0
q(13)(21),q,13,21,-,0,0,0,0,0
q(13)(22),q,13,22,-,0,0,0,0,0
q(13)(23),q,13,23,-,0,0,0,0,0
q(13)(24),q,13,24,-,0,0,0,0,0
q(13)(25),q,13,25,-,0,0,0,0,0
q(14)(1),q,14,1,-,0,0,0,0,0
q(14)(2),q,14,2,-,0,0,0,0,0
q(14)(3),q,14,3,-,0,0,0,0,0
q(14)(4),q,14,4,-,0,0,0,0,0
q(14)(5),q,14,5,-,0,0,0,0,0
q(14)(6),q,14,6,-,0,0,0,0,0
q(14)(7),q,14,7,-,0,0,0,0,0
q(14)(8),q,14,8,-,0,0,0,0,0
q(14)(9),q,14,9,-,0,0,0,0,0
q(14)(10),q,14,10,-,0,0,0,0,0
q(14)(11),q,14,11,-,1,1,1,1,1
q(14)(12),q,14,12,-,0,0,0,0,0
q(14)(13),q,14,13,-,0,0,0,0,0
q(14)(14),q,14,14,-,0,0,0,0,0
q(14)(15),q,14,15,-,0,0,0,0,0
q(14)(16),q,14,16,-,0,0,0,0,0
q(14)(17),q,14,17,-,0,0,0,0,0
q(14)(18),q,14,18,-,0,0,0,0,0
q(14)(19),q,14,19,-,0,0,0,0,0
q(14)(20),q,14,20,-,0,0,0,0,0
q(14)(21),q,14,21,-,0,0,0,0,0
q(14)(22),q,14,22,-,0,0,0,0,0
q(14)(23),q,14,23,-,0,0,0,0,0
q(14)(24),q,14,24,-,0,0,0,0,0
q(14)(25),q,14,25,-,0,0,0,0,0
q(15)(1),q,15,1,-,0,0,0,0,0
q(15)(2),q,15,2,-,0,0,0,0,0
q(15)(3),q,15,3,-,0,0,0,0,0
q(15)(4),q,15,4,-,0,0,0,0,0
q(15)(5),q,15,5,-,0,0,0,0,0
q(15)(6),q,15,6,-,0,0,0,0,0
q(15)(7),q,15,7,-,0,0,0,0,0
q(15)(8),q,15,8,-,0,0,0,0,0
q(15)(9),q,15,9,-,0,0,0,0,0
q(15)(10),q,15,10,-,0,0,0,0,0
q(15)(11),q,15,11,-,0,0,0,0,0
q(15)(12),q,15,12,-,1,1,1,1,1
q(15)(13),q,15,13,-,0,0,0,0,0
q(15)(14),q,15,14,-,0,0,0,0,0
q(15)(15),q,15,15,-,0,0,0,0,0
q(15)(16),q,15,16,-,0,0,0,0,0
q(15)(17),q,15,17,-,0,0,0,0,0
q(15)(18),q,15,18,-,0,0,0,0,0
q(15)(19),q,15,19,-,0,0,0,0,0
q(15)(20),q,15,20,-,0,0,0,0,0
q(15)(21),q,15,21,-,0,0,0,0,0
q(15)(22),q,15,22,-,0,0,0,0,0
q(15)(23),q,15,23,-,0,0,0,0,0
q(15)(24),q,15,24,-,0,0,0,0,0
q(15)(25),q,15,25,-,0,0,0,0,0
q(16)(1),q,16,1,-,0,0,0,0,0
q(16)(2),q,16,2,-,0,0,0,0,0
q(16)(3),q,16,3,-,0,0,0,0,0
q(16)(4),q,16,4,-,0,0,0,0,0
q(16)(5),q,16,5,-,0,0,0,0,0
q(16)(6),q,16,6,-,0,0,0,0,0
q(16)(7),q,16,7,-,0,0,0,0,0
q(16)(8),q,16,8,-,1,1,1,1,1
q(16)(9),q,16,9,-,0,0,0,0,0
q(16)(10),q,16,10,-,0,0,0,0,0
q(16)(11),q,16,11,-,0,0,0,0,0
q(16)(12),q,16,12,-,0,0,0,0,0
q(16)(13),q,16,13,-,0,0,0,0,0
q(16)(14),q,16,14,-,0,0,0,0,0
q(16)(15),q,16,15,-,0,0,0,0,0
q(16)(16),q,16,16,-,0,0,0,0,0
q(16)(17),q,16,17,-,0,0,0,0,0
q(16)(18),q,16,18,-,0,0,0,0,0
q(16)(19),q,16,19,-,0,0,0,0,0
q(16)(20),q,16,20,-,0,0,0,0,0
q(16)(21),q,16,21,-,0,0,0,0,0
q(16)(22),q,16,22,-,0,0,0,0,0
q(16)(23),q,16,23,-,0,0,0,0,0
q(16)(24),q,16,24,-,0,0,0,0,0
q(16)(25),q,16,25,-,0,0,0,0,0
q(17)(1),q,17,1,-,0,0,0,0,0
q(17)(2),q,17,2,-,0,0,0,0,0
q(17)(3),q,17,3,-,0,0,0,0,0
q(17)(4),q,17,4,-,0,0,0,0,0
q(17)(5),q,17,5,-,0,0,0,0,0
q(17)(6),q,17,6,-,0,0,0,0,0
q(17)(7),q,17,7,-,0,0,0,0,0
q(17)(8),q,17,8,-,0,0,0,0,0
q(17)(9),q,17,9,-,1,1,1,1,1
q(17)(10),q,17,10,-,0,0,0,0,0
q(17)(11),q,17,11,-,0,0,0,0,0
q(17)(12),q,17,12,-,0,0,0,0,0
q(17)(13),q,17,13,-,0,0,0,0,0
q(17)(14),q,17,14,-,0,0,0,0,0
q(17)(15),q,17,15,-,0,0,0,0,0
q(17)(16),q,17,16,-,0,0,0,0,0
q(17)(17),q,17,17,-,0,0,0,0,0
q(17)(18),q,17,18,-,0,0,0,0,0
q(17)(19),q,17,19,-,0,0,0,0,0
q(17)(20),q,17,20,-,0,0,0,0,0
q(17)(21),q,17,21,-,0,0,0,0,0
q(17)(22),q,17,22,-,0,0,0,0,0
q(17)(23),q,17,23,-,0,0,0,0,0
q(17)(24),q,17,24,-,0,0,0,0,0
q(17)(25),q,17,25,-,0,0,0,0,0
q(18)(1),q,18,1,-,0,0,0,0,0
q(18)(2),q,18,2,-,0,0,0,0,0
q(18)(3),q,18,3,-,0,0,0,0,0
q(18)(4),q,18,4,-,0,0,0,0,0
q(18)(5),q,18,5,-,0,0,0,0,0
q(18)(6),q,18,6,-,0,0,0,0,0
q(18)(7),q,18,7,-,0,0,0,0,0
q(18)(8),q,18,8,-,0,0,0,0,0
q(18)(9),q,18,9,-,0,0,0,0,0
q(18)(10),q,18,10,-,0,0,0,0,0
q(18)(11),q,18,11,-,0,0,0,0,0
q(18)(12),q,18,12,-,0,0,0,0,0
q(18)(13),q,18,13,-,0,0,0,0,0
q(18)(14),q,18,14,-,0,0,0,0,0
q(18)(15),q,18,15,-,1,1,1,1,1
q(18)(16),q,18,16,-,0,0,0,0,0
q(18)(17),q,18,17,-,0,0,0,0,0
q(18)(18),q,18,18,-,0,0,0,0,0
q(18)(19),q,18,19,-,0,0,0,0,0
q(18)(20),q,18,20,-,0,0,0,0,0
q(18)(21),q,18,21,-,0,0,0,0,0
q(18)(22),q,18,22,-,0,0,0,0,0
q(18)(23),q,18,23,-,0,0,0,0,0
q(18)(24),q,18,24,-,0,0,0,0,0
q(18)(25),q,18,25,-,0,0,0,0,0
q(19)(1),q,19,1,-,0,0,0,0,0
q(19)(2),q,19,2,-,0,0,0,0,0
q(19)(3),q,19,3,-,0,0,0,0,0
q(19)(4),q,19,4,-,0,0,0,0,0
q(19)(5),q,19,5,-,0,0,0,0,0
q(19)(6),q,19,6,-,0,0,0,0,0
q(19)(7),q,19,7,-,0,0,0,0,0
q(19)(8),q,19,8,-,0,0,0,0,0
q(19)(9),q,19,9,-,0,0,0,0,0
q(19)(10),q,19,10,-,0,0,0,0,0
q(19)(11),q,19,11,-,1,1,1,1,1
q(19)(12),q,19,12,-,0,0,0,0,0
q(19)(13),q,19,13,-,0,0,0,0,0
q(19)(14),q,19,14,-,0,0,0,0,0
q(19)(15),q,19,15,-,0,0,0,0,0
q(19)(16),q,19,16,-,0,0,0,0,0
q(19)(17),q,19,17,-,0,0,0,0,0
q(19)(18),q,19,18,-,0,0,0,0,0
q(19)(19),q,19,19,-,0,0,0,0,0
q(19)(20),q,19,20,-,0,0,0,0,0
q(19)(21),q,19,21,-,0,0,0,0,0
q(19)(22),q,19,22,-,0,0,0,0,0
q(19)(23),q,19,23,-,0,0,0,0,0
q(19)(24),q,19,24,-,0,0,0,0,0
q(19)(25),q,19,25,-,0,0,0,0,0
q(20)(1),q,20,1,-,0,0,0,0,0
q(20)(2),q,20,2,-,0,0,0,0,0
q(20)(3),q,20,3,-,0,0,0,0,0
q(20)(4),q,20,4,-,0,0,0,0,0
q(20)(5),q,20,5,-,0,0,0,0,0
q(20)(6),q,20,6,-,0,0,0,0,0
q(20)(7),q,20,7,-,0,0,0,0,0
q(20)(8),q,20,8,-,0,0,0,0,0
q(20)(9),q,20,9,-,0,0,0,0,0
q(20)(10),q,20,10,-,0,0,0,0,0
q(20)(11),q,20,11,-,0,0,0,0,0
q(20)(12),q,20,12,-,1,1,1,1,1
q(20)(13),q,20,13,-,0,0,0,0,0
q(20)(14),q,20,14,-,0,0,0,0,0
q(20)(15),q,20,15,-,0,0,0,0,0
q(20)(16),q,20,16,-,0,0,0,0,0
q(20)(17),q,20,17,-,0,0,0,0,0
q(20)(18),q,20,18,-,0,0,0,0,0
q(20)(19),q,20,19,-,0,0,0,0,0
q(20)(20),q,20,20,-,0,0,0,0,0
q(20)(21),q,20,21,-,0,0,0,0,0
q(20)(22),q,20,22,-,0,0,0,0,0
q(20)(23),q,20,23,-,0,0,0,0,0
q(20)(24),q,20,24,-,0,0,0,0,0
q(20)(25),q,20,25,-,0,0,0,0,0
q(21)(1),q,21,1,-,0,0,0,0,0
q(21)(2),q,21,2,-,0,0,0,0,0
q(21)(3),q,21,3,-,0,0,0,0,0
q(21)(4),q,21,4,-,0,0,0,0,0
q(21)(5),q,21,5,-,0,0,0,0,0
q(21)(6),q,21,6,-,0,0,0,0,0
q(21)(7),q,21,7,-,0,0,0,0,0
q(21)(8),q,21,8,-,0,0,0,0,0
q(21)(9),q,21,9,-,0,0,0,0,0
q(21)(10),q,21,10,-,0,0,0,0,0
q(21)(11),q,21,11,-,0,0,0,0,0
q(21)(12),q,21,12,-,0,0,0,0,0
q(21)(13),q,21,13,-,1,1,1,1,1
q(21)(14),q,21,14,-,0,0,0,0,0
q(21)(15),q,21,15,-,0,0,0,0,0
q(21)(16),q,21,16,-,0,0,0,0,0
q(21)(17),q,21,17,-,0,0,0,0,0
q(21)(18),q,21,18,-,0,0,0,0,0
q(21)(19),q,21,19,-,0,0,0,0,0
q(21)(20),q,21,20,-,0,0,0,0,0
q(21)(21),q,21,21,-,0,0,0,0,0
q(21)(22),q,21,22,-,0,0,0,0,0
q(21)(23),q,21,23,-,0,0,0,0,0
q(21)(24),q,21,24,-,0,0,0,0,0
q(21)(25),q,21,25,-,0,0,0,0,0
q(22)(1),q,22,1,-,0,0,0,0,0
q(22)(2),q,22,2,-,0,0,0,0,0
q(22)(3),q,22,3,-,0,0,0,0,0
q(22)(4),q,22,4,-,0,0,0,0,0
q(22)(5),q,22,5,-,0,0,0,0,0
q(22)(6),q,22,6,-,0,0,0,0,0
q(22)(7),q,22,7,-,0,0,0,0,0
q(22)(8),q,22,8,-,0,0,0,0,0
q(22)(9),q,22,9,-,0,0,0,0,0
q(22)(10),q,22,10,-,0,0,0,0,0
q(22)(11),q,22,11,-,0,0,0,0,0
q(22)(12),q,22,12,-,0,0,0,0,0
q(22)(13),q,22,13,-,0,0,0,0,0
q(22)(14),q,22,14,-,0,0,0,0,0
q(22)(15),q,22,15,-,0,0,0,0,0
q(22)(16),q,22,16,-,0,0,0,0,0
q(22)(17),q,22,17,-,0,0,0,0,0
q(22)(18),q,22,18,-,0,0,0,0,0
q(22)(19),q,22,19,-,1,1,1,1,1
q(22)(20),q,22,20,-,0,0,0,0,0
q(22)(21),q,22,21,-,0,0,0,0,0
q(22)(22),q,22,22,-,0,0,0,0,0
q(22)(23),q,22,23,-,0,0,0,0,0
q(22)(24),q,22,24,-,0,0,0,0,0
q(22)(25),q,22,25,-,0,0,0,0,0
q(23)(1),q,23,1,-,0,0,0,0,0
q(23)(2),q,23,2,-,0,0,0,0,0
q(23)(3),q,23,3,-,0,0,0,0,0
q(23)(4),q,23,4,-,0,0,0,0,0
q(23)(5),q,23,5,-,0,0,0,0,0
q(23)(6),q,23,6,-,0,0,0,0,0
q(23)(7),q,23,7,-,0,0,0,0,0
q(23)(8),q,23,8,-,0,0,0,0,0
q(23)(9),q,23,9,-,0,0,0,0,0
q(23)(10),q,23,10,-,0,0,0,0,0
q(23)(11),q,23,11,-,0,0,0,0,0
q(23)(12),q,23,12,-,0,0,0,0,0
q(23)(13),q,23,13,-,0,0,0,0,0
q(23)(14),q,23,14,-,0,0,0,0,0
q(23)(15),q,23,15,-,1,1,1,1,1
q(23)(16),q,23,16,-,0,0,0,0,0
q(23)(17),q,23,17,-,0,0,0,0,0
q(23)(18),q,23,18,-,0,0,0,0,0
q(23)(19),q,23,19,-,0,0,0,0,0
q(23)(20),q,23,20,-,0,0,0,0,0
q(23)(21),q,23,21,-,0,0,0,0,0
q(23)(22),q,23,22,-,0,0,0,0,0
q(23)(23),q,23,23,-,0,0,0,0,0
q(23)(24),q,23,24,-,0,0,0,0,0
q(23)(25),q,23,25,-,0,0,0,0,0
q(24)(1),q,24,1,-,0,0,0,0,0
q(24)(2),q,24,2,-,0,0,0,0,0
q(24)(3),q,24,3,-,0,0,0,0,0
q(24)(4),q,24,4,-,0,0,0,0,0
q(24)(5),q,24,5,-,0,0,0,0,0
q(24)(6),q,24,6,-,0,0,0,0,0
q(24)(7),q,24,7,-,0,0,0,0,0
q(24)(8),q,24,8,-,0,0,0,0,0
q(24)(9),q,24,9,-,0,0,0,0,0
q(24)(10),q,24,10,-,0,0,0,0,0
q(24)(11),q,24,11,-,0,0,0,0,0
q(24)(12),q,24,12,-,0,0,0,0,0
q(24)(13),q,24,13,-,0,0,0,0,0
q(24)(14),q,24,14,-,0,0,0,0,0
q(24)(15),q,24,15,-,1,1,1,1,1
q(24)(16),q,24,16,-,0,0,0,0,0
q(24)(17),q,24,17,-,0,0,0,0,0
q(24)(18),q,24,18,-,0,0,0,0,0
q(24)(19),q,24,19,-,0,0,0,0,0
q(24)(20),q,24,20,-,0,0,0,0,0
q(24)(21),q,24,21,-,0,0,0,0,0
q(24)(22),q,24,22,-,0,0,0,0,0
q(24)(23),q,24,23,-,0,0,0,0,0
q(24)(24),q,24,24,-,0,0,0,0,0
q(24)(25),q,24,25,-,0,0,0,0,0
q(25)(1),q,25,1,-,0,0,0,0,0
q(25)(2),q,25,2,-,0,0,0,0,0
q(25)(3),q,25,3,-,0,0,0,0,0
q(25)(4),q,25,4,-,0,0,0,0,0
q(25)(5),q,25,5,-,0,0,0,0,0
q(25)(6),q,25,6,-,0,0,0,0,0
q(25)(7),q,25,7,-,0,0,0,0,0
q(25)(8),q,25,8,-,0,0,0,0,0
q(25)(9),q,25,9,-,0,0,0,0,0
q(25)(10),q,25,10,-,0,0,0,0,0
q(25)(11),q,25,11,-,0,0,0,0,0
q(25)(12),q,25,12,-,0,0,0,0,0
q(25)(13),q,25,13,-,0,0,0,0,0
q(25)(14),q,25,14,-,0,0,0,0,0
q(25)(15),q,25,15,-,0,0,0,0,0
q(25)(16),q,25,16,-,0,0,0,0,0
q(25)(17),q,25,17,-,0,0,0,0,0
q(25)(18),q,25,18,-,0,0,0,0,0
q(25)(19),q,25,19,-,0,0,0,0,0
q(25)(20),q,25,20,-,0,0,0,0,0
q(25)(21),q,25,21,-,1,1,1,1,1
q(25)(22),q,25,22,-,0,0,0,0,0
q(25)(23),q,25,23,-,0,0,0,0,0
q(25)(24),q,25,24,-,0,0,0,0,0
q(25)(25),q,25,25,-,0,0,0,0,0
q(26)(1),q,26,1,-,0,0,0,0,0
q(26)(2),q,26,2,-,0,0,0,0,0
q(26)(3),q,26,3,-,0,0,0,0,0
q(26)(4),q,26,4,-,0,0,0,0,0
q(26)(5),q,26,5,-,0,0,0,0,0
q(26)(6),q,26,6,-,0,0,0,0,0
q(26)(7),q,26,7,-,0,0,0,0,0
q(26)(8),q,26,8,-,0,0,0,0,0
q(26)(9),q,26,9,-,0,0,0,0,0
q(26)(10),q,26,10,-,0,0,0,0,0
q(26)(11),q,26,11,-,0,0,0,0,0
q(26)(12),q,26,12,-,0,0,0,0,0
q(26)(13),q,26,13,-,0,0,0,0,0
q(26)(14),q,26,14,-,0,0,0,0,0
q(26)(15),q,26,15,-,0,0,0,0,0
q(26)(16),q,26,16,-,0,0,0,0,0
q(26)(17),q,26,17,-,0,0,0,0,0
q(26)(18),q,26,18,-,0,0,0,0,0
q(26)(19),q,26,19,-,0,0,0,0,0
q(26)(20),q,26,20,-,0,0,0,0,0
q(26)(21),q,26,21,-,1,1,1,1,1
q(26)(22),q,26,22,-,0,0,0,0,0
q(26)(23),q,26,23,-,0,0,0,0,0
q(26)(24),q,26,24,-,0,0,0,0,0
q(26)(25),q,26,25,-,0,0,0,0,0
q(27)(1),q,27,1,-,0,0,0,0,0
q(27)(2),q,27,2,-,0,0,0,0,0
q(27)(3),q,27,3,-,0,0,0,0,0
q(27)(4),q,27,4,-,0,0,0,0,0
q(27)(5),q,27,5,-,0,0,0,0,0
q(27)(6),q,27,6,-,0,0,0,0,0
q(27)(7),q,27,7,-,0,0,0,0,0
q(27)(8),q,27,8,-,0,0,0,0,0
q(27)(9),q,27,9,-,0,0,0,0,0
q(27)(10),q,27,10,-,0,0,0,0,0
q(27)(11),q,27,11,-,0,0,0,0,0
q(27)(12),q,27,12,-,0,0,0,0,0
q(27)(13),q,27,13,-,0,0,0,0,0
q(27)(14),q,27,14,-,0,0,0,0,0
q(27)(15),q,27,15,-,0,0,0,0,0
q(27)(16),q,27,16,-,0,0,0,0,0
q(27)(17),q,27,17,-,0,0,0,0,0
q(27)(18),q,27,18,-,0,0,0,0,0
q(27)(19),q,27,19,-,0,0,0,0,0
q(27)(20),q,27,20,-,0,0,0,0,0
q(27)(21),q,27,21,-,0,0,0,0,0
q(27)(22),q,27,22,-,0,0,0,0,0
q(27)(23),q,27,23,-,1,1,1,1,1
q(27)(24),q,27,24,-,0,0,0,0,0
q(27)(25),q,27,25,-,0,0,0,0,0
q(28)(1),q,28,1,-,0,0,0,0,0
q(28)(2),q,28,2,-,0,0,0,0,0
q(28)(3),q,28,3,-,0,0,0,0,0
q(28)(4),q,28,4,-,0,0,0,0,0
q(28)(5),q,28,5,-,0,0,0,0,0
q(28)(6),q,28,6,-,0,0,0,0,0
q(28)(7),q,28,7,-,0,0,0,0,0
q(28)(8),q,28,8,-,0,0,0,0,0
q(28)(9),q,28,9,-,0,0,0,0,0
q(28)(10),q,28,10,-,0,0,0,0,0
q(28)(11),q,28,11,-,0,0,0,0,0
q(28)(12),q,28,12,-,0,0,0,0,0
q(28)(13),q,28,13,-,0,0,0,0,0
q(28)(14),q,28,14,-,0,0,0,0,0
q(28)(15),q,28,15,-,0,0,0,0,0
q(28)(16),q,28,16,-,0,0,0,0,0
q(28)(17),q,28,17,-,0,0,0,0,0
q(28)(18),q,28,18,-,0,0,0,0,0
q(28)(19),q,28,19,-,0,0,0,0,0
q(28)(20),q,28,20,-,0,0,0,0,0
q(28)(21),q,28,21,-,0,0,0,0,0
q(28)(22),q,28,22,-,0,0,0,0,0
q(28)(23),q,28,23,-,1,1,1,1,1
q(28)(24),q,28,24,-,0,0,0,0,0
q(28)(25),q,28,25,-,0,0,0,0,0
q(29)(1),q,29,1,-,0,0,0,0,0
q(29)(2),q,29,2,-,0,0,0,0,0
q(29)(3),q,29,3,-,0,0,0,0,0
q(29)(4),q,29,4,-,0,0,0,0,0
q(29)(5),q,29,5,-,0,0,0,0,0
q(29)(6),q,29,6,-,0,0,0,0,0
q(29)(7),q,29,7,-,0,0,0,0,0
q(29)(8),q,29,8,-,0,0,0,0,0
q(29)(9),q,29,9,-,0,0,0,0,0
q(29)(10),q,29,10,-,0,0,0,0,0
q(29)(11),q,29,11,-,0,0,0,0,0
q(29)(12),q,29,12,-,0,0,0,0,0
q(29)(13),q,29,13,-,0,0,0,0,0
q(29)(14),q,29,14,-,0,0,0,0,0
q(29)(15),q,29,15,-,0,0,0,0,0
q(29)(16),q,29,16,-,0,0,0,0,0
q(29)(17),q,29,17,-,0,0,0,0,0
q(29)(18),q,29,18,-,0,0,0,0,0
q(29)(19),q,29,19,-,0,0,0,0,0
q(29)(20),q,29,20,-,0,0,0,0,0
q(29)(21),q,29,21,-,0,0,0,0,0
q(29)(22),q,29,22,-,0,0,0,0,0
q(29)(23),q,29,23,-,0,0,0,0,0
q(29)(24),q,29,24,-,0,0,0,0,0
q(29)(25),q,29,25,-,1,1,1,1,1
q(30)(1),q,30,1,-,0,0,0,0,0
q(30)(2),q,30,2,-,0,0,0,0,0
q(30)(3),q,30,3,-,0,0,0,0,0
q(30)(4),q,30,4,-,0,0,0,0,0
q(30)(5),q,30,5,-,0,0,0,0,0
q(30)(6),q,30,6,-,0,0,0,0,0
q(30)(7),q,30,7,-,0,0,0,0,0
q(30)(8),q,30,8,-,0,0,0,0,0
q(30)(9),q,30,9,-,0,0,0,0,0
q(30)(10),q,30,10,-,0,0,0,0,0
q(30)(11),q,30,11,-,0,0,0,0,0
q(30)(12),q,30,12,-,0,0,0,0,0
q(30)(13),q,30,13,-,0,0,0,0,0
q(30)(14),q,30,14,-,0,0,0,0,0
q(30)(15),q,30,15,-,0,0,0,0,0
q(30)(16),q,30,16,-,0,0,0,0,0
q(30)(17),q,30,17,-,0,0,0,0,0
q(30)(18),q,30,18,-,0,0,0,0,0
q(30)(19),q,30,19,-,0,0,0,0,0
q(30)(20),q,30,20,-,0,0,0,0,0
q(30)(21),q,30,21,-,0,0,0,0,0
q(30)(22),q,30,22,-,0,0,0,0,0
q(30)(23),q,30,23,-,0,0,0,0,0
q(30)(24),q,30,24,-,0,0,0,0,0
q(30)(25),q,30,25,-,1,1,1,1,1
q(31)(1),q,31,1,-,0,0,0,0,0
q(31)(2),q,31,2,-,0,0,0,0,0
q(31)(3),q,31,3,-,0,0,0,0,0
q(31)(4),q,31,4,-,0,0,0,0,0
q(31)(5),q,31,5,-,0,0,0,0,0
q(31)(6),q,31,6,-,0,0,0,0,0
q(31)(7),q,31,7,-,0,0,0,0,0
q(31)(8),q,31,8,-,0,0,0,0,0
q(31)(9),q,31,9,-,0,0,0,0,0
q(31)(10),q,31,10,-,0,0,0,0,0
q(31)(11),q,31,11,-,0,0,0,0,0
q(31)(12),q,31,12,-,0,0,0,0,0
q(31)(13),q,31,13,-,0,0,0,0,0
q(31)(14),q,31,14,-,0,0,0,0,0
q(31)(15),q,31,15,-,0,0,0,0,0
q(31)(16),q,31,16,-,0,0,0,0,0
q(31)(17),q,31,17,-,0,0,0,0,0
q(31)(18),q,31,18,-,0,0,0,0,0
q(31)(19),q,31,19,-,0,0,0,0,0
q(31)(20),q,31,20,-,0,0,0,0,0
q(31)(21),q,31,21,-,1,1,1,1,1
q(31)(22),q,31,22,-,0,0,0,0,0
q(31)(23),q,31,23,-,0,0,0,0,0
q(31)(24),q,31,24,-,0,0,0,0,0
q(31)(25),q,31,25,-,0,0,0,0,0
q(32)(1),q,32,1,-,0,0,0,0,0
q(32)(2),q,32,2,-,0,0,0,0,0
q(32)(3),q,32,3,-,0,0,0,0,0
q(32)(4),q,32,4,-,0,0,0,0,0
q(32)(5),q,32,5,-,0,0,0,0,0
q(32)(6),q,32,6,-,0,0,0,0,0
q(32)(7),q,32,7,-,0,0,0,0,0
q(32)(8),q,32,8,-,0,0,0,0,0
q(32)(9),q,32,9,-,0,0,0,0,0
q(32)(10),q,32,10,-,0,0,0,0,0
q(32)(11),q,32,11,-,0,0,0,0,0
q(32)(12),q,32,12,-,0,0,0,0,0
q(32)(13),q,32,13,-,0,0,0,0,0
q(32)(14),q,32,14,-,0,0,0,0,0
q(32)(15),q,32,15,-,0,0,0,0,0
q(32)(16),q,32,16,-,0,0,0,0,0
q(32)(17),q,32,17,-,0,0,0,0,0
q(32)(18),q,32,18,-,0,0,0,0,0
q(32)(19),q,32,19,-,0,0,0,0,0
q(32)(20),q,32,20,-,0,0,0,0,0
q(32)(21),q,32,21,-,1,1,1,1,1
q(32)(22),q,32,22,-,0,0,0,0,0
q(32)(23),q,32,23,-,0,0,0,0,0
q(32)(24),q,32,24,-,0,0,0,0,0
q(32)(25),q,32,25,-,0,0,0,0,0
q(33)(1),q,33,1,-,0,0,0,0,0
q(33)(2),q,33,2,-,0,0,0,0,0
q(33)(3),q,33,3,-,0,0,0,0,0
q(33)(4),q,33,4,-,0,0,0,0,0
q(33)(5),q,33,5,-,0,0,0,0,0
q(33)(6),q,33,6,-,0,0,0,0,0
q(33)(7),q,33,7,-,0,0,0,0,0
q(33)(8),q,33,8,-,0,0,0,0,0
q(33)(9),q,33,9,-,0,0,0,0,0
q(33)(10),q,33,10,-,0,0,0,0,0
q(33)(11),q,33,11,-,0,0,0,0,0
q(33)(12),q,33,12,-,0,0,0,0,0
q(33)(13),q,33,13,-,0,0,0,0,0
q(33)(14),q,33,14,-,0,0,0,0,0
q(33)(15),q,33,15,-,0,0,0,0,0
q(33)(16),q,33,16,-,0,0,0,0,0
q(33)(17),q,33,17,-,0,0,0,0,0
q(33)(18),q,33,18,-,0,0,0,0,0
q(33)(19),q,33,19,-,0,0,0,0,0
q(33)(20),q,33,20,-,0,0,0,0,0
q(33)(21),q,33,21,-,0,0,0,0,0
q(33)(22),q,33,22,-,0,0,0,0,0
q(33)(23),q,33,23,-,1,1,1,1,1
q(33)(24),q,33,24,-,0,0,0,0,0
q(33)(25),q,33,25,-,0,0,0,0,0
q(34)(1),q,34,1,-,0,0,0,0,0
q(34)(2),q,34,2,-,0,0,0,0,0
q(34)(3),q,34,3,-,0,0,0,0,0
q(34)(4),q,34,4,-,0,0,0,0,0
q(34)(5),q,34,5,-,0,0,0,0,0
q(34)(6),q,34,6,-,0,0,0,0,0
q(34)(7),q,34,7,-,0,0,0,0,0
q(34)(8),q,34,8,-,0,0,0,0,0
q(34)(9),q,34,9,-,0,0,0,0,0
q(34)(10),q,34,10,-,0,0,0,0,0
q(34)(11),q,34,11,-,0,0,0,0,0
q(34)(12),q,34,12,-,0,0,0,0,0
q(34)(13),q,34,13,-,0,0,0,0,0
q(34)(14),q,34,14,-,0,0,0,0,0
q(34)(15),q,34,15,-,0,0,0,0,0
q(34)(16),q,34,16,-,0,0,0,0,0
q(34)(17),q,34,17,-,0,0,0,0,0
q(34)(18),q,34,18,-,0,0,0,0,0
q(34)(19),q,34,19,-,0,0,0,0,0
q(34)(20),q,34,20,-,0,0,0,0,0
q(34)(21),q,34,21,-,0,0,0,0,0
q(34)(22),q,34,22,-,0,0,0,0,0
q(34)(23),q,34,23,-,1,1,1,1,1
q(34)(24),q,34,24,-,0,0,0,0,0
q(34)(25),q,34,25,-,0,0,0,0,0
q(35)(1),q,35,1,-,0,0,0,0,0
q(35)(2),q,35,2,-,0,0,0,0,0
q(35)(3),q,35,3,-,0,0,0,0,0
q(35)(4),q,35,4,-,0,0,0,0,0
q(35)(5),q,35,5,-,0,0,0,0,0
q(35)(6),q,35,6,-,0,0,0,0,0
q(35)(7),q,35,7,-,0,0,0,0,0
q(35)(8),q,35,8,-,0,0,0,0,0
q(35)(9),q,35,9,-,0,0,0,0,0
q(35)(10),q,35,10,-,0,0,0,0,0
q(35)(11),q,35,11,-,0,0,0,0,0
q(35)(12),q,35,12,-,0,0,0,0,0
q(35)(13),q,35,13,-,0,0,0,0,0
q(35)(14),q,35,14,-,0,0,0,0,0
q(35)(15),q,35,15,-,0,0,0,0,0
q(35)(16),q,35,16,-,0,0,0,0,0
q(35)(17),q,35,17,-,0,0,0,0,0
q(35)(18),q,35,18,-,0,0,0,0,0
q(35)(19),q,35,19,-,0,0,0,0,0
q(35)(20),q,35,20,-,0,0,0,0,0
q(35)(21),q,35,21,-,0,0,0,0,0
q(35)(22),q,35,22,-,0,0,0,0,0
q(35)(23),q,35,23,-,0,0,0,0,0
q(35)(24),q,35,24,-,0,0,0,0,0
q(35)(25),q,35,25,-,1,1,1,1,1
q(36)(1),q,36,1,-,0,0,0,0,0
q(36)(2),q,36,2,-,0,0,0,0,0
q(36)(3),q,36,3,-,0,0,0,0,0
q(36)(4),q,36,4,-,0,0,0,0,0
q(36)(5),q,36,5,-,0,0,0,0,0
q(36)(6),q,36,6,-,0,0,0,0,0
q(36)(7),q,36,7,-,0,0,0,0,0
q(36)(8),q,36,8,-,0,0,0,0,0
q(36)(9),q,36,9,-,0,0,0,0,0
q(36)(10),q,36,10,-,0,0,0,0,0
q(36)(11),q,36,11,-,0,0,0,0,0
q(36)(12),q,36,12,-,0,0,0,0,0
q(36)(13),q,36,13,-,0,0,0,0,0
q(36)(14),q,36,14,-,0,0,0,0,0
q(36)(15),q,36,15,-,0,0,0,0,0
q(36)(16),q,36,16,-,0,0,0,0,0
q(36)(17),q,36,17,-,0,0,0,0,0
q(36)(18),q,36,18,-,0,0,0,0,0
q(36)(19),q,36,19,-,0,0,0,0,0
q(36)(20),q,36,20,-,0,0,0,0,0
q(36)(21),q,36,21,-,0,0,0,0,0
q(36)(22),q,36,22,-,0,0,0,0,0
q(36)(23),q,36,23,-,0,0,0,0,0
q(36)(24),q,36,24,-,0,0,0,0,0
q(36)(25),q,36,25,-,1,1,1,1,1
